카테고리,주제,내용
부모님문제,부모님은공부못하면사람도아니라고하세요,"선생님, 저는 부모님의 사랑을 받고 싶은데, 부모님은 공부 못하면 사람도 아니라고 야단치세요. 공부해야지 하고 계획표를 세워 보지만 무능하고 무가치하다는 생각 때문에 아무 의욕도 생기지 않고 죽고만 싶어요. "
부모님문제,부모님이동생을더예뻐하세요,저는 중학교 2학년 여학생입니다. 공부는 중간 정도 합니다. 초등학교 때는 공부도 잘했는데 지금은 공부에 흥미는 커녕은 세상을 왜 사는지 고민하고 있는데 그 이유는 저희 부모님이 동생을 더 예뻐합니다. 어쩌다 말다툼을 하면 부모님은 동생의 잘못인데도 누나니까 참으라고 하십니다. 너무 속상해요. 
부모님문제,엄마가사주는옷은촌스러워요,"저는 중3 남학생입니다. 저희 부모님은 제가 옷이나 신발을 사게 돈을 달라고 하면 '엄마가 사주는 데로 입으면 될 것이지 학생이 무슨 옷 그렇게 신경을 쓰냐' 고 말도 못 꺼내게 하세요. 솔직히 엄마가 사 주는 옷은 촌스럽고, 마음에 들지 않아요. 친구들은 유명메이커 청바지를 몇 개씩 가지고 있는데 걔네 들을 보면 내가 너무 꿀린다는 생각이 들어요. "
부모님문제,부모님의잔소리에숨이막혀요,"저는 요즘 사는 게 너무 힘듭니다. 집에 들어가기가 싫습니다. 한다고 해도 성적이 오르지 않고 공부도 안되고 해서 머리라도 식힐 겸 친구들이랑 외출하려고 하면 어느새 저희 부모님의 잔소리가 뒤따릅니다. 잠시도 부모님의 감시하는 듯한 눈초리를 피할 수가 없어요. 성적만을 최고로 치고 저는 조금도 이해 못하시는 것 같아 숨이 막힙니다. 선생님, 집에서 멀리 떨어진 절 같은 곳에 들어가 살고 싶습니다. 자유로운 곳에서 새로 시작하고 싶어요. 정말 어찌해야 좋을지 모르겠어요. "
부모님문제,국가유공자녀로서느끼는우울함,"안녕하세요. 저는 고등학교 3학년 남학생입니다. 저는 국가유공자녀입니다. 어머니는 음식점 일을 하면서 열심히 사십니다. 6월이면 아버지에 대한 그리움이 심합니다. 저는 중학교 시절도 소외감과 외로움을 느끼며 보냈습니다. 지금 대학입시 준비로 더욱 고민이 많습니다. 어머님을 보면 안쓰럽고, 나라에 대한 부채 같은 것을 느낍니다. 지금도 우울한 마음을 씻을 수가 없는데 어떻게 해야 할까요? "
부모님문제,학과선택으로부모님과의갈등,"대학 시험을 앞둔 고등학교 3학년 여학생이다. 이제 와서 이런 고민을 한다는 것이 창피하기도 하지만 솔직히 나의 상태가 그러하니 어쩔 수 없는 일이다. 나의 고민은 다른 것이 아니라 입시가 다가올수록 어느 대학 어느 학과에 원서를 내야할지 점점 더 모르겠다는 것이다. 원래는 0 0 대학 영문학과를 목표로 했었다. 부모님께서 항상 영문학과가 여학생에게는 가장 좋은 학과라고 말씀하셨고 또 중학교 때까지만 해도 영어를 꽤 잘했기 때문이었다. 그러나 고등 학교에 진학한 후 언제부터인지 영어에 점점 자신이 없어졌다. 오랫동안 품어왔던 영문학을 전공하겠다는 목표가 사라지고 나니 왜 내가 지금까지 그런 엉뚱한 목표를 추구하고 살아왔는지, 왜 대학에는 꼭 가야만 한다는 생각으로 그저 맹목적인 공부를 계속해왔는지 나 자신이 한심스럽게 여겨지고 나에게 맞지도 않은 학과를 권해주신 부모님도 원망스럽다. 요즈음은 학교 생활 자체에 대해서도 회의가 들어 공부도 잘 안된다."
부모님문제,가정환경이원망스럽다,"중학교 남학생이다. 이런 가정 환경 속에 나를 놔두신 어머니 아버지가 원망스럽다. 우리 동네에는 나를 때리고 괴롭히는 불량배들이 있다. 아버지가 빚을 많이 지셔서 고모집에 살고 있는데 고모에게는 이런 말을 할 수가 없다. 어머니도 몸이 불편해서 나를 보살펴 주지 못하고, 공부도 잘 못하고, 밖에 나가서는 맞고 누구한테 화풀이도 할 수 없는 상황, 어떻게 해야 할까?"
부모님문제,지나친기대,"중학교 입학해서부터 고등학교 3학년이 된 지금까지 나의 생활을 뒤돌아보면 도시락 두개, 교과서, 참고서가 바로 내 생활의 전부였다. 부모님은 언제나 '서울대학교'를 가야한다고 나를 몰아부쳤던것 같다. 중학교 때는 그런 것에 대해 막연한 기대와 흥미도 있었는데 지금은 이런 내생활이 지긋지긋하다. 도대체 왜 이렇게 살아야만 하는지 모르겠다. 점수와 등수가 인생을 좌우하는 이런 세상이 정말 싫다."
부모님문제,재혼한어머니와의갈등,10 년전에 엄마가 20살이나 많은 사람과 재혼을 했다. 애아버지는 아들 셋이 있는데 그중 막내오빠가 얼마전에 나를 성폭행 하려해서 옆집으로 도망가서 간신히 피했다. 그후에도 비슷한 일이 여러 번 있어서 엄마에게 사실대로 말해서 부부싸움이 크게 일어났으나 별로 달리진 것은 없다. 이제는 그런 사람과 결혼한 엄마까지 밉고 집에 들어가기가 죽기보다 싫다.
부모님문제,이혼하는부모님,부모님이 이혼을 하시려고 한다. 나는 초등학교 6학년에 다니는 여자아이인데 형제도 없는 외동딸이다. 부모님이 이혼하게되면 외할머니와 함께 살게되는데 부모님은 서로 자기와 살자고 하신다. 어른들은 왜그러는지 모르겠다. 나는 누구와 살기보다는 부모님이 이혼을 하지 않았으면 좋겠다. 외할머니와 함께 사느니 차라리 집을 나가고 싶다.
부모님문제,엄마의재혼,"중학교 2학년생인데 3년전에 아버지가 교통사고로 돌아가시고 어머니가 슈퍼를 해서 살고 있다. 엄마가 내년 1월에 재혼을 하시겠다는 말을 듣고 오빠는 집을 나갔고 초등학교 5학년인 남동생과 나는 매일 울면서 지낸다. 애아버지가 될 분에게도 애가 셋이 있고 그 중에는 나와 동갑인 애도 있다는데 어떻게 같이 살지 걱정이다. 더구나 엄마와 그 아저씨가 같은 방을 쓸것을 생각하면 추하고 구역질이 난다. 우리생각은 하지도 않고 재혼하시려는 엄마가 밉고, 차라리 집을 나가버릴까 하는 생각이 자주 든다."
부모님문제,부모의불화,우리집 엄마와 아빠는 늘 싸운다. 전생에 무슨 인연이었길래 저렇게 매일 같이 싸우는지 알 수가 없다. 엄마는 사는게 지겹다고 하시면서도 말끝마다 나때문에 이혼은 못한다고 하신다. 그러면 나는 왜 낳으셨는지 모르겠다. 학교에 가서 다른 애들이 자기집 자랑을 하면 너무 부럽고 부모님이 미워진다. 학교를 마치고 집에 올 때마다 또 싸우실 부모님 생각만 하면 집에 들어가기도 싫다.
부모님문제,부모님의과도한기대,부모님은 모두 명문대를 나오셨고 그렇기 때문에 나에게도 반드시 좋은 학교에 가야한다고 기대를 하신다. 하지만 고등학교 2학년인 지금 나의 성적은 그저 반에서 중간정도이다. 아무리 공부를 하려고 해도 잘 되지 않는다. 아마 머리가 나빠서 그런 것 같다. 부모님은 나와 얼굴만 마주치면 좋은 대학에 가야된다는 얘기를 하시지만 나는 특별히 대학에 가야할 필요성도 못 느끼게고 더구나 좋은 대학에 갈 자신은 없다. 왜 꼭 학을 나와야만 잘 살 수 있다고 생각하는지 이해가 되지 않는다. 그냥 내가 바라는 대로 살 수 있도록 나에 게 맡겨둘수는 없는 것일까?
부모님문제,가정불화,"언니, 남동생과 함께 사는 중학교 2학년 여학생이다. 아버지는 내가 6살때 돌아가시고 어머니는 2년후쯤 집을 나가버렸다. 그후 언니는 술집에 나가 돈을 벌고, 주위 사람들의 도움으로 생활보호대상자로 인정되어 도움을 받고 있다. 더구나 나는 소녀가장 이라고 해서 장학금과 표창장도 받았다. 그러나 요즘에는 학교에서 다른 애들을 보면 그 애들의 환경이 부럽고 내게는 없는 그 아이들의 천지스러움이 부럽기만하다. 왜 나만 이렇게 어려운 환경에서 살아야 하는지 모든 것이 원망스럽기만 하다."
부모님문제,잔소리때문에미칠것만같아요!,저는 고등학교 1학년생입니다. 그런데 부모님의 잔소리만 들으면 미치겠습니다. 어떨 때는 죽고 싶은 충동을 느낄 때도 있습니다. 그리고 더욱 공부가 하기 싫어지기도 하고요. 이럴 떼 저는 어떠한 자세로 어떻게 행동해야 합니까? 날이 갈수록 공부는 더욱 하기 싫어지고 성격도 난폭하게 변해가고 있습니다. 제가 가져야할 마음가짐을 가르쳐 주십시오. 
부모님문제,부모님들의기대가부담되요,"고등학교 일 학년 남학생이다. 그런데 성적이 고민된다. 사실 성적도 성적이지만 가족들의 기대가 더 부담스럽다. 아버지가 벌서 환갑이시고 위로는 줄줄이 누나들만 있기 때문에 아들에 대한 부모님들의 기대가 부담스럽다. 고등학교에 오니 중학교 때와는 수업 방식이 다르고, 시험도 너무 자주 본다. 그러다 보니 성적이 좀 내려갔는데 온 식구가 나를 괴롭힌다. 청소만 잘 안해도 "" 그렇게 하면 대학 못 가"" 그러면서 야단을 친다. 어떻게 해야 할까?"
부모님문제,맞벌이하는부모님,부모님은 맞벌이를 하셔서 내게 별로 관심이 없다. 남는 시간에 오락실과 만화방에 드나들면서 우연히 귄 형에게서 담배 피는 것과 본드 마시는 것을 배웠다. 그러다가 지난겨울 방학때 다른 친구와 집을 나와버렸는데 지금 생각하면 내가 어떻게 해서 이렇게 까지 되었을까 싶다. 하지만 본드와 담배를 끊기가 생각처럼 쉽지 않다. 
부모님문제,집에들어가기싫어요,중학교 3학년 여학생이다. 학업성적이 갈수록 떨어져서 공부하는 것도 점점 싫어지고 성적 때문에 부모님께 꾸중듣는 일도 잦아졌다. 마음이 울적한 차에 우연히 반 친구들과 어울려 노래방을 가게 되었다. 시간이 지날수록 노래방도 자주 가게되었고 어쩔 때 돈이 모아질 때면 나이트 클럽에 가서 술도 마시고 춤도 춘다. 안되는 줄 알지만 끊을 수가 없고 공부는 진짜 하기 싫다. 밤늦게 집에 들어가면 부모님한테 매를 맞거나 야단맞기 일쑤이다. 이제는 집에도 들어가기가 싫다.
부모님문제,끝이없는방황,고등학교 3학년 남학생인데 중학교 3학년때 우연히 친구와 함께 담배를 피웠는데 그 이후로 지금까지 담배를 피우고 있다. 지금은 매일 흡연을 하고 있으며 수업시간만 끝나면 담배를 피우고만 싶어진다. 끊어야 된다고 생각도 하지만 또다시 담배에 손이 가는 내자신이 싫기도 하지만 어쩔 수가 없다.
부모님문제,명문대학다니는형제들,형제들은 명문대학을 다니는데 나의 부모님과 형제들은 모두 똑똑하다. 위로 오빠가 한분 있고 언니가 둘 있는데 전부 명문대에 다닌다. 그 때문에 어렸을 때부터 학업에 대한 부담감과 열등감을 많이 느끼면서 자랐다. 나도 오빠나 언니처럼 부모님에게 자랑스러운 딸이 되고 싶어서 공부를 열심히 해보았지만 성적은 늘 하위권에서 맴돈다. 식구들은 모두 나를 부끄러워 하는게 역력하다. 하지만 대학입시를 앞두고 있는 지금 좋은 대학은커녕 서울에 있는 대학에라도 들어 갈 수 있을지 모르겠다. 이렇게 사느니 다 그만두고 그저 어디론가 없어져 버리고 싶다. 
부모님문제,형제들에대한열등감,"상업고등학교에 다니는 여학생이다. 나의 형제는 위로 오빠둘이 있는데 모두 명문대학을 다니고 막내 여동생도 인문계 고등학교에서 야무지게 자기일을 잘 해낸다. 그래서 부모님은 나에 대해 야단도 많이 치시고 걱정도 많이 하신다. 더우기 성격도 내성적이고 소극적이어서 학교에서도 특별히 잘하는 게 없다. 자식을 편애하는 부모님, 날 무시하는 형제들, 학교생활도 잘 해내지 못하는 나의 무능력... 모든게 자신이 없고 내가 설 곳은 이 세상 어디에고 없는 것만 같다. "
부모님문제,화목하지못한가정생활,"우리집 식구들은 서로 싸우고 미워한다. 할머니, 엄마, 아버지, 고모, 삼촌 모두들 서로 다투신다. 삼촌은 술만 드시면 정신병자처럼 아버지에게 욕을 하고 싸우고 나면 아버지는 늘 우신다. 또 아버지는 사소한 일에도 엄마에게 화를 내신다. 엄마는 나에게 집안이 화목하지 않아도 공부만 열심히 하면 된다고 하시지만 공부를 하려고 해도 머릿속에는 식구들이 싸우는 모습만 자꾸 떠오른다. 학교에서는 선생님이나 아이들에게 명랑한 척 하지만 집에 들어오기도 싫고 죽고 싶을 때가 많다."
부모님문제,아버지의주벽,"우리집은 경제적으로도 별문제가 없고 다른 특별한 걱정거리는 없는데 아버지의 술버릇이 문제다. 아버지가 술만 드시면 물건을 마구 부수고, 나와 동생을 때리며, 어머니에게는 이혼하자고 소리를 질러 댄다. 아버지의 이런 주벽 때문에 나는 차츰 긴장이 쌓여 밤에는 잠이 오지 않고 학교에서는 선생님의 말씀이 귀에 들어오지 않아 공부도 제대로 되지 않는다. 이런 생활을 계속하느니 차라리 부모님이 이혼하셨으면 좋겠다. 아버지가 너무나 밉고 정말이지 이런 생활에서 벗어나고 싶다."
성격문제,저는항상우울하고자신이없어요,고3 여학생입니다. 제 고민은 바로 저의 성격인데 항상 우울하고 자신이 없고 비관적입니다. 사람들을 만나도 경직되어서 이야기도 제대로 못하고 친구들도 저와 친해지기를 싫어하는 것 같습니다. 
성격문제,특별히잘하는것이없는제가싫어요,중학교 3학년 여학생입니다. 요즘 들어 저는 매우 답답하고 속이 상해 요. 저같은 애는 아무래도 성공하지 못할 것 같아요. 공부를 특별히 잘하는 것도 아니고 남들보다 성격이 유달리 좋거나 재능이 있는 것 같지도 않아요. 집안이 특별히 넉넉한 것도 아니구요. 자신이 실망스럽고 점점 싫어집니다. 어떻게 하면 좋을까요? 
성격문제,다른사람말에지나치게민감해요,중학교 3학년 여학생입니다. 저는 다른 사람의 말에 지나치게 민감한 편입니다. 누가 저에 대해 무슨 말을 하면 저는 그 사람이 왜 그런 말을 했을까 하고 곰곰이 생각하곤 합니다. 남이 무심결에 스치듯이 하는 얘기도 제게는 상처가 되어서 오래오래 고민을 하게 됩니다. 그런 일에 덜 신경을 쓰고 싶은데 어떻게 해야 할까요? 
성격문제,여자라고꼭침착하고얌전해야하나요?,저는 고등학교 2학년 여학생인데요. 저희 엄마는 저보고 너무 덜렁댄다고 하셔요. 저는 준비물이나 도시락도 잘 빼놓고 다니고 물건도 어디 두었는지 몰라 찾지 못할 때가 많아요. 아빠는 저래서 시집이나 가겠냐고 하세요. 그런 말씀 들으면 참 속상하지만 여자라고 꼭 침착하고 얌전해야 되는 건 아니잖아요? 
성격문제,소심한성격을고칠수있는방법은요?,중학교 1학년 남학생입니다. 저는 성격이 너무 소심한 것 같아요. 주변에서도 여려보인다는 소리를 여러 번 들었습니다. 그런데 이제는 그 말이 꼭 제가 모자라고 부족하다는 식으로 들리는 거예요. 그런 제가 더욱 한심해 집니다. 성격을 고칠 수 있는 방법을 알려 주세요. 
성격문제,저는너무우유부단하고소신이없는것같아요,저는 대학교 1학년입니다. 저는 너무나 우유부단하고 소신이 없는 것 같아 고민입니다. 과 선배와 동기들과 같이 이야기를 하는데 어떤 선배가 이렇다고 하면 정말 그런 것 같아 맞장구 치고 또 다른 선배가 반 대 의견을 내세우면 또 그게 맞는 것 같아서 동의하고 그랬더니 친구가 저보고 너는 사내자식이 왜 그렇게 줏대가 없냐고 하더군요. 제가 정말 주체성이 없는 걸까요? 
성격문제,자만심을떨치고싶은데잘안되요,저는 중3학생입니다. 전 아주 안 좋은 버릇이 있는데 그게 바로 자만심입니다. 그래서 친구들한테도 잘난 체를 많이 하는 편입니다. 다행히 좋은 친구들이 있어서 충고를 해주지만 그래도 잘 고쳐지질 않습니다. 어떻게 하면 좋을까요? 
성격문제,사람들이저만쳐다보는것같아요,"저의 고민은 밖에 외출하기가 너무 힘이 든다는 것입니다. 밖에 나가면 사람들이 저만 쳐다보는 것 같아요. 저는 저자신의 걸음걸이와 신발,의복에 필요이상으로 신경이 쓰입니다. 온몸이 긴장되고 표정도 불안해 인상을 쓰고, 밖에 나가면 딴 세상에 와 있는 느낌이 들어요. 이런 문제들 때문에 외출하는 것을 기피하게 되고 친구도 별로 없고... 의복이나 걸음걸이 같은 사소한 문제 때문에 자기 인생의 발전과 자기 실현이 방해 받는다면 그것만큼 슬픈 일이 세상에 또 어디 있겠어요? 정신과에도 가보았지만 일반적인 답변만을 해주더군요. 길을 다닐 때 좀더 즐겁고 편안하게 다닐 수 있으면 얼마나 좋을까 하는 생각이 들어 요. 그래서 보다 즐거운 마음으로 사람들을 만나고 자유롭게 살고 싶어요. "
성격문제,손톱깨물어뜯는버릇,저는 15세 된 소녀입니다. 저는 초등학교 1학년 때부터 손톱을 이빨로 깨물어 뜯는 버릇이 생겨 지금까지도 그렇게 하고 있어 걱정입니다. 선생님께서 공부시간에 앞에 나와 문제를 풀어보라고 하실 때가 있는데 그럴 때면 괜히 마음이 초조해져 손톱을 더 많이 깨물어 뜯습니다. 손톱을 물어뜯는다고 엄마한테 자주 혼이 납니다. 이 버릇을 어떻게 하면 고칠 수 있을까요? 
성격문제,혼자다니기가힘들어요,저는 여대생입니다. 저에게는 대인공포증이 있어 외출하기가 두렵습니다. 밖에 나가면 모든 사람들이 저를 비웃는 것 같아 걸음걸이도 부자연스러워집니다. 대학3학년인 제가 이런 고민을 갖고 있다는 사실이 부끄럽습니다. 저는 너무나 자신감이 없는 것 같습니다. 제가 다른 사람을 볼 때는 그저 스쳐 지나가는 타인들로 생각할 뿐인데도 왜 저는 그들을 의식하게 되는지 모르겠습니다. 수업시간에 제가 발표를 해야 할 때는 발표도 잘하고 친구들과 같이 있을 때는 다른 사람들이 의식되지 않는데 다만 혼자서 어디를 다니는 것 이 저에게는 너무나 힘이 듭니다. 
성격문제,습관적으로물건을훔칩니다,저는 중1 여학생입니다. 중학교에 오면서 친구들과 재미로 선물의 집이나 카세트테잎 파는 가게에 들어가 물건을 몰래 가져오기 시작했어요. 처음에는 친구들이 있어야 가능했지만 지금은 혼자 있어도 습관적으로 예쁜 물건에 손이 가고 저도 모르게 주머니에 넣어 옵니다. 양심에 찔려 하지 않으려 해도 계속하게 되어 걱정입니다. 
성격문제,고민이많아요,"안녕하세요? 먼저 제 소개부터 할께요. 전 중학교 3학년생입니다. 성적은 중상위 정도이고, 학급에서 반장을 맡고 있죠. 그 다음에 다른 점은 별로 없어 요.(보통 학생...) 제 고민은 요즘 들어 많아 졌어요. 내일 모레가 시험인데 지금 이러 고 있는 제가 한심하기도 하군요. 다른 친구들은 열심히 공부할 터인 데..휴... 제 고민 말할께요... 전 고등학교 진학이 너무 무서워요... 뭐라고 할까.. 음.. 어떻게 갈까? 그리고 거기(고등학교) 가서 내가 버틸 수 있을까? 라든가 기타 등등... 또 갑자기 화나고 짜증나고 공부하기 싫고 그냥 자고만 싶고요. 그런 생각이 많이 들어요. 요즘 들어 더욱 심해졌어요. 그리고 가끔은 그냥 죽고 싶다는 생각도 해요. 이래선 안된다고 생각하면서 자꾸 그러고... 정말 미칠 것만 같아요. 참을성도 없어졌고요. 계속 혼자만 있고 싶어 요. 어떻게 하면 좋죠? "
성격문제,잘난체한다며괴롭혀요,저는 13살입니다. 전 어떻게 해야 할지 모르겠어요? 학교 가기가 무서워요. 학원도요. 지난 해 5학년 때 부회장을 했는데 친구들이 잘난 척한다고 1년이 지난 지금도 못살게 굴어요. 학원에서도요. 지난 번 어떤 모르는 언니가 돈이 있냐고 묻기에 없다고 하니까 어깨를 세게 치며 욕을 하고 지나갔어요. 너무 아팠어요. 오늘 아침에도 보았는데 눈을 곱지 않게 뜨고 욕을 하며 지나갔어요. 전 친구가 없어요. 별로 잘못한 것도 없어요. 아무것도 한 것이 없는 데 친구들은 왜 저를 피하고 미워할까요? 도와주세요. 
성격문제,친구를못사귀는나의성격,저는 처음 친구를 사귈 때 꽤 애를 먹습니다. 소극적이고 내성적인 저의 성격 탓에 외로움을 많이 느낍니다. 그런 성격을 고치려고 노력하지만 생각만큼 잘되지 않습니다. 써클 활동도 하지만 거기서도 나만 떨어질 그같은 그런 느낌에 견딜 수가 없습니다. 저는 이제 고3입니다. 그런 고민 때문에 공부가 잘 안됩니다. 제발 도와 주셔요. 
성격문제,사람이싫어서고민입니다,사람들이 싫어서 고민입니다. 내게 다가오는 모든 사람이 나쁘게 느껴집니다. 상담을 했더니 사람들에게서 장점을 찾아보라는 말을 들었습니다. 그러나 남의 장점이든 단점이든 간에 나를 해칠 것 같은 생각만 듭니다. 
성격문제,내성적인성격,저는 남학생입니다. 성격이 내성적이라 고민이 많이 됩니다. 외향적인 성격의 친구들이 부럽습니다. 앞으로 사회생활을 잘해 나갈 수 있을지 걱정이 많이 됩니다. 사는 것이 힘들다고 느껴집니다. 
성격문제,속마음을숨긴채엉뚱하게행동하는나,예전에는 그렇지 않았는데 점점 이상해집니다. 남이 나를 알아주고 모두 나만 쳐다보기를 바라며 자꾸 일을 만들고 확대시키곤 합니다. 속마음은 숨긴 채 엉뚱하게 행동하는 나 자신이 밉고 혐오스럽습니다. 
성격문제,자존심이강해서,저는 자존심이 강하고 활발한 성격을 갖고 있어요. 그래서 자주 어울리는 친구들이 많은 편이지요. 그런데 조그만 실수로 말다툼이 일어나요. 친하다고 생각하는 **이와도 싸우고 안 싸운 친구가 없어요. 친구와 다투지 않으려고 해도 자꾸 그렇게 되어요. 그런데 자존심 때문에 미안하다는 소리 한 마디를 못하고 있어요. 말 한마디라도 지지 않으려고 하다가 말다툼이 더욱 커지지지요. 그래서 친구랑 사이가 점점 멀어지는 것 같아요. 친구와 다투지 않으려면 어떻게 해야 하나요? 
성격문제,친구에게싫은소리를못해요,저는 초등학교에 다니는 ***이에요. 친한 친구 몇 명이 있는데 점심도 함께 먹어요. 제가 맛있는 반찬을 싸 오면 저보다 먼저 집어먹어 버린답니다. 맛이 없는 반찬을 싸 오면 쳐다보지도 않고. 저는 밥을 늦게 먹는 편이어서 반찬이 부족하게 되고 그래서 거의 매일 밥을 남겨요. 집에 갈 때는 가게들을 기웃거리며 과자를 사 먹어요. 또 친구들 집에서 가까운 길로 다니기 때문에 저는 한 시간이 넘어야 집에 도착해요. 이래저래 손해를 보는 것 같아요. 친구들이 맘에 안 들어도 제 성격이 소극적인데다 용기도 없어 가만히 있어요. 지난번에는 화가 나서 짜증을 냈더니 오히려 화를 내더라구요. 어떻게 해야 할 지 걱정이에요. 
성격문제,전학을해야하는지요,전 중학교 2학년의 남학생입니다. 성격은 굉장히 내성적이고 이기적입니다. 남들과 어울리는 것을 별로 좋아하지 않고 밖에 나가는 것도 별로 좋아하지 않습니다. 저도 이런 성격이 싫지만 쉽게 고쳐지지 않더군요. 그런데 저의 집이 이사를 가게 되었습니다. 전에 살던데와 꽤 떨어져 있어서 학교 문제가 저에겐 큰 문제입니다. 전학을 가면 제 성격때문에 아이들과 친해질 수 없을 것 같습니다. 또 성적이 많이 떨어질 것도 같고요. 그런데 그냥 학교를 다니자니 거리가 너무 멉니다. 그래서 전 전학을 하고 싶은데 주위에 우려가 심합니다. 전 내성적이고 이기적이라 그 곳 생활을 잘 못할 것이라고 모두들 말합니다. 주위에서는 아이들과 친해지지 못하고 성적도 떨어진다며 반대합니다. 그리고 저도 생각을 좀 해보니 그 곳 생활에 잘 적응하지 못할 것 같습니다. 왠지 두렵고 겁이 납니다. 혹시 그곳 아이들이 저를 괴롭히거나 따돌리진 않을지 그런 것들이죠. 그리고 그러다가 나쁜 길로 빠질 것 같구요. 어떻게 해야 될까요? 
성격문제,분위기깨는사람,"저는 지금 대학생이고, 사실 고등학교 때에 `놀지 않고 공부만 하는' 학생이었습니다. 남들이 좋다하는 대학에 다니고 있지만 대학에서 어울리는, 소위 노는 분위기를 탈 줄 몰라서 지금 `유치하다, 썰렁하다, 분위기 깬다, 나가 놀아라..'등등의 말을 듣고 있습니다. 꽤 자존심 상하는 말들을 많이 듣고 있지만 그게 사실이니 어떻합니까? 얼마 전에 락까페에서도 분위기깬다는 소리를 듣고 이제는(처음 가보았습니다) 아무 데도 가기 싫고 그냥 앉아서 공부만 하고 싶습니다. 아는 여자 친구도 재미없다고 가버리고요. 지금 고등학교 시절이 너무나 후회가 되기도 합니다. 왜 이렇게 살았나 하는 생각도 듭니다. 주로 숙맥이라는 소리를 많이 듣습니다. "
성격문제,외톨이중학교,"2학년의 여학생이다. 공부를 잘해서 반에서 1, 2등 전교에서 2, 3등을 웃돌고 있다. 성격도 명랑쾌활하고 3남매의 맏이라서 이해심과 책임감이 있다. 하지만 아이들은 나와 사귀기를 싫어하는 것 같다. 최근에 어떤 모르는 아이에게서 편지 한 통을 받았는데 내가 너무 잘난 척을 한다고 겸손하라는 내용이었다. 도대체 나의 어디가 문제인지, 애들은 나를 왜 그렇게 미워하는지 알 수가 없다."
성격문제,아이들의따돌림,초등학교 5학년에 다니는 여학생인데 내가 제일 좋아하고 지금까지 나와 가장 친했던 친구가 요즘 나와 얘기를 잘하지 않고 나를 비웃는 것 같다. 1학기때는 그 친구와 친하게 지냈었는데 2학기에 그 친구가 부반장이 되고부터 나와 멀어졌다. 부반장이 되었다고 나를 무시하는 것 같아서 화도 나지만 그래도 그 친구와 계속 친하게 지내고 싶다. 어떻게 하면 예전과 같은 사이로 돌아갈 수 있는지 알고 싶다.
성격문제,따돌림의고통,요즘 내주 위에 있는 애들이 나만 따돌린다. 내가 못생겼다고 미팅도 안 데려가고 농구를 못한다고 끼어주지 않는다. 나는 그 친구들을 위해 많은 것을 해주었다고 생각한다. 정신적으로나 내가 할 수 있는 모든 것을 해주었다. 그런데도 애들이나를 따돌리는 이유를 알수가 없다. 외모나 운동에 대한 소질은 타고난 것인데 그런 것을 가지고 따돌린다니 이해가 안된다. 하지만 그 애들과 놀지않으면 나는 친구가 없다. 어떻게 해야할지 모르겠다.
성격문제,성격을고치고싶다,학교에 있을 때와 집에 있을 때의 성격이 너무 다르다. 학교에서는 참을성도 많고 성질도 안부리면서 집에서는 참을성도 없고 동생에게도 막하고 엄마 심부름도 잘 하지 않는다. 이런 내모습 때문에 집에서는 늘 다툼이 잦고 꾸중도 많이 듣는다. 밖에서는 남들에게 잘 하면서 왜 집에서만 이러는지 나도 나를 모르겠다. 이런 이중적인 내 성격을 고치고 싶다.
외모문제,좀 더 예뻤으면 ,중학교 1학년에 다니는 여학생인데 공부를 잘해서 반장을 맡고 있고 방송반일도 하고 있어요. 제 얼굴은 까무잡잡하고 약간 주먹코이긴 하지만 주위 사람들은 예쁘다고 합니다. 그런데 요즘 좋아하는 애가 생겼어요. 함께 학원을 다니며 성적도 올라서 아주 잘되었다고 생각합니다. 그런데 요즘들어 제 얼굴이 미워보여요. 조금만 더 예뻤으면.... 이런 생각에 매일 하나님께 예쁘게 해달라고 기도드려요. 자꾸 얼굴에 대한 자신이 없어지고 신경이 쓰여 걱정이예요. 
외모문제,"거울을 보니, 나는 못난이 ","중1 여학생입니다. 저는 공부도 그런대로 하고 목소리도 좋아 학교에서 방송반일도 합니다. 그리고 반에서는 실장이기도 하구요. 근데 좋아하는 애가 생긴 것 같습니다. 진짜인지,아닌지는 시간이 더 지나봐야 알겠지만 지금까지는 제 얼굴이 안경을 쓰고 까무잡잡하고 콧대가 약간 끝이 부푼(조금 주먹코) 그런 얼굴이라도 예쁜편이라고 자부 하고 있었어요 친구들도 그러고, 엄마도, 동생도, 동생친구들도 저더러 그런 말을 하니까요. ""넌 예쁜편이야"",""와,너네 누나 이쁘다.."" 라구요. 근데 그애랑 한 학원을 다니고 부터 그애에게 이기려구 해서 성적이 많이 올랐습니다. 취약 과목도 많이 올렸구요. 그래서 잘되었다고 생각하고 있었는데, 차차 좀 이상해져 갔어요. 얼굴이 희었으면, 콧대가 똑바르다면 얼마나 이쁠까, 입술이 조금만 더 얇았으면.... 이런 생각도 자주 들고 순정만화 주인공처럼 예쁘게 해 달라고 하느님께 기도도 해봤어요.아마 피식 웃으셨을테지만 말입니다. 자꾸 얼굴에 대한 자신이 없어 지고,코가 점점 더 주먹코처럼 보이고.. 이러다 성적이 떨어지면... 고민입니다. "
외모문제,끔찍한 내 몸매,저는 여중생입니다. 저의 가장 큰 고민은 뚱뚱한 것입니다. 살을 빼려고 결심을 했지만 생각만큼 쉬운 일이 아니고 사춘기때 찐 살은 잘 빠지지 않는다는 얘기에 걱정도 많이 돼요. 집안에서는 저한테 관심도 없어서 제가 살을 빼고 싶어하는데도 음식을 살찌는 것으로만 만들어 줍니다. 운동을 해서 빼야겠는데 중3이고 수험생이라 그럴 시간도 별로 없어요. 요즘은 저한테 스스로 짜증이 나고 외모때문에 밖에 나가기도 싫어 외출도 하지 않고 있어요... 
외모문제,코가 커서 고민,남들보다 코가 너무 크다. 사람들이 모두 내코만 보는것 같아서 밖에 나가기 조차 싫다. 이런 생각이 옳지 않다는 것도 알지만 쉽사리 벗어나지지가 않는다. 심리학 책이나 다른 정신치료에 관련된 책도 읽어 보지만 그때 뿐이고 코에 대한 컴플렉스 때문에 너무나 믿은 고통을 겪는다. 어떻게 하면 이런 상황에서 벗어날 수 있겠는가?
외모문제,외모에 대한 열등감,대학에 다니고 있는 남학생이다. 보통 성인 남자들에 비해 나의 체격이 외소하고 얼굴도 어려보여서 평소에 많은 컴플렉스를 가지고 있다. 가끔 주위사람들 특히 내가 좋아하는 여자 친구가 나의 외모에 대해 이러쿵저러쿵 얘기를 할 때면 나의 모습이 더욱 초라해 보여서 내가 싫어지고 화까지 난다. 외모 때문에 사람들의 웃음거리가 되고 무시당한다고 생각하면 정말 살고 싶지 않다. 좀 더 남성다운 근육질과 잘생긴 외모로 사람들에게 호감을 사고 싶다.
이성문제,좋아하는 오빠가 저 같은 여자는 싫대요 ,"저는 고등학교 2학년 여학생 경아라고 합니다. 고3 오빠를 사랑하게 되어 일방적으로 1년 동안 수십통의 편지를 써 보냈습니다. 그러나 답장도 없고 만나주질 않아 그 오빠를 찾아갔더니 ""나는 너같은 여자는 싫어한다""고 했습니다. 저는 그 순간 충격뿐 아니라 며칠 동안 잠을 못 이룬 채 누구와도 말하기 싫고 밥도 먹을 수 없었습니다. 그런 마음의 병은 고쳐지질 않고 자꾸 저주스럽고 밉고, 제 자신도 수치심에 죽고 싶은 생각뿐 이었습니다. "
이성문제,교회에 다니는 누나 생각 때문에 공부가 안되요 ,고1 남학생입니다. 평소에 집에서만 지내다가 최근에 친구의 권유로 교회를 다니고 있습니다. 그런데 교회에 나오는 여학생 중에 2학년 누나가 있는데 저에게 친근하게 잘해줍니다. 그런데 요즘은 누나 생각을 자제할 수가 없고 누나생각 때문에 공부도 잘 되지 않습니다. 
이성문제,여자를 사귀면 부담이 됩니다 ,"안녕하세요. 저는 전문대에 다니는 남학생입니다. 고3때 단지 상대가 여자라는 이유만으로 호기심이 생겨서 어떤 여학생을 사귀게 되었지요. 그러다가 갑자기 나 자신이 아깝기도 하고. 그녀가 부담스럽기도 하고. 공부 문제도 있고 해서 그냥 무조건 헤어졌습니다. 그러다가 작년 말에 또 한 여자를 만났습니다. 전 이상하게 새로운 여자를 만날 때면 굉장히 호기심, 긴장감 등이 생기는데 한 달만 지나면 부담스럽고 솔직히 귀찮고 그럽니다. 전 지금 군대가기 전에 다른 대학 다른 과에 편입하려고 공부중이거든요. 정말 여자 만나는 시간이 아깝고 돈도 아깝고 이런 생각이 드는 거 보면 그녀를 정말 사랑하지 않는 거 아닐까요? "
이성문제,이성에 대한 호기심이 생겨요,안녕하세요? 저는 성에 대해 관심을 가지지 않으면서도 호기심이 많은 중학교 1학년 소녀입니다. 얼굴도 못생긴 제가 무슨 할말이 있겠습니까만... T.V 를 볼 때도 야한 장면이 나오면 가슴이 두근두근거려요. 처음에는 그 장면을 피하려 했지만 요즘은 너무 자주 보게 되어 오히려 자꾸 보고 싶어진답니다. 여학생이 이런 면이 있는 줄은 모르셨을 거예요. 친구들은 못생기든 예쁘든 남자 친구 한 명씩은 있는 것 같은데 전 남자 친구라곤 한 명도 없어요. 저도 사실 사춘기 시절에 남자 친구 한 명쯤은 사귀고 싶어요. 하지만 그게 잘 안 되요. 그리고 친하게 지내는 친구도 없어서 학교에선 참 쓸쓸하답니다. 전 어떡하죠? ** 올림 
이성문제,사촌 오빠가 이성으로 보여요,"안녕하세요? 저는 중3을 갓 올라온 여학생입니다. 요즘 저는 어떻게 해야할 지 잘 모르겠습니다. 몇 달 전부터 어떤 오빠를 무척 좋아하게 되었습니다. 근데 그 오빠는 다름 아닌 저의 사촌오빠입니다. 요즘도 자꾸만 그 오빠가 보고 싶고, 어쩌다 한번씩 만나게 되면 오빠는 나를 사촌동생으로 대해 주는데 저는 이성으로 생각하고 있답니다. 그럴 때마다 '왜 나 혼자서, 그것도 사촌오빠를․․․?' 하고 스스로에게 몇 번이고 의문을 던지지만, 그래도 오빠에 대한 감정이 쉽사리 사라지지 않습니다. 저는 어떡하죠? "
이성문제,감정 처리가 안돼요 ,저... 실은 요즘에 실연을 당했습니다. 그땐 죽고 싶었는데 요즘은 괜찮아졌습니다. 그런데 계속 허전하고 그리워집니다. 어쩌죠. 
이성문제,이성 생각을 많이 해요,"6학년이죠. 요즘 이성에 대한 생각을 자주 해요. 저의 사촌 오빠는 중3인데 어떤 여학생과 사귀었어요. 그런데 이 일을 부모님께 들켜 버렸고, 사촌 오빠와 그 여학생이 통화한 내용까지 다 알게 되었어요. 오빠는 부모님께 심하게 꾸중들었나 봐요. ""아직은 학생이다. 여자 친구는 대학가서 사귀어도 늦지 않다. 지금은 공부에 열중해라."" 대부분의 부모님은 이렇게 생각하나 봐요. 하지만 꼭 그렇게 판단해야 할까요? 우리들의 입장에서 한번 생각해 봐 주셨으면 좋겠어요. 선생님은 어떻게 생각하세요? "
이성문제,서먹서먹한 관계 ,"10대 후반의 남학생입니다. 지난겨울 방학 때부터 한 여자아이를 사귀게 되었는데요, 그 애는 남자 애들 사이에서 인기가 많죠. 한동안 친하게 지내다가 조금씩 사이게 멀어지게 됐어요. 전 그 애에게 사랑한다고 말했는데 그 애는 그저 친구사이로 지내자고만 했습니다. 부담스럽다고요. 그런데 이제는 자연스럽게 잘 지내는 친구 사이도 아니라 절 만나길 싫어하는 것 같았습니다. 저와 눈길도 마주치지 않으려는 그 애를 볼 때마다 힘들고 스트레스 받습니다. 그 때문에 성적도 엉망입니다. 어떡하면 좋죠? "
이성문제,친구의 여자 친구가 좋아져요 ,저는 고등학교에 다니는 남학생입니다. 친한 친구가 있는데 그 친구가 한 여자아이를 좋아하고 있어요. 그런데 글쎄요. 저도 그만 친구가 좋아하는 그 여자아이를 좋아하게 되었습니다. 이럴 땐 어떻게 해야 합니까?
이성문제,친구 엄마를 좋아해요 ,안녕하세요? 저는 19살인 고 3학 남학생인데 친구의 엄마에 대한 제 행동이 너무한 것 같아서 걱정입니다. 친구와 저는 친해서 항상 붙어 다닙니다. 그런데 그 친구의 엄마가 너무 좋아요. 아니 좋아할 뿐만 아니라 정말 사랑하는 것 같아요. 친구 집에 가면 어떤 때는 몰래 빨랫줄에 걸려 있는 친구 엄마의 속옷을 만져 보기도 해요. 그럴 땐 성적으로 흥분이 되기도 하고요. 그래서 집에 돌아와 친구 엄마를 생각하며 자위 행위를 할 때도 있어요. 정말 어쩌죠? 친구 엄마가 이혼을 하고 혼자 키우시기 때문에 저는 친구 엄마와 결혼도 하고 싶을 정도입니다. 제가 미친 걸까요? 
이성문제,다른 사람을 사귈 수도 있을 텐데,현재 대학교에 다니는 여학생으로 사귀는 남학생이 있다. 그는 노력파 남학생으로 남다른 성실함이 있어서 사귀게 되었는데 집안형편이 좀 어렵다. 나는 그 남학생이 믿음직스러웠고 세상에 그 남학생 하나만 이 존재한다고 여겼었다. 그런데 시간이 조금씩 흐르면서 생각이 바뀌어간다. 나보다 못한 애들도 잘난 남자를 사귀는데 나만 괜히 손해 보는 것만 같다 마음먹기에 달렸다고 생각이 되지만 잘 안된다. 어떻게 하면 이 상황에서 극복할 수 있는지 마음가짐을 알려달라. 
진로문제,"인문계고교의 문,이과선택 ",저는 인문계 고등학교에 다니는 1학년 여학생입니다. 얼마전 학교에 서 문.이과를 결정하는 계열선택이 있었는데 어느 쪽을 선택해야 좋을지 몰라 일단 내신등급을 유리하게 받을 수 있는 문과로 결정했는데 과연 잘한 결정인지 계속 불안합니다. 
진로문제,문과계냐 자연계냐 ,"전 지금 고등학교 1학년입니다. 이제 2학년이 되면 계열을 선택해야 하는데 그 선택이 매우 어렵군요. 전 국어는 잘하고, 수학은 잘 못하지만 아무리 생각해도 가고 싶은 학과는 자연계거든요. 자연계를가서 고생하며 열심히하면 모르겠지만 열심히 안하고 내신만 낮아질지 걱정이예요. 그냥 문과계에서 내신 좀 올리면서 조금은 편하게 있을까하기도 합니다. 그런데 그러다가 제가 가고 싶지않은 과에 가서 나중에 후회할까봐 인문계도 선뜻 가질 못하겠어요. 아무리 곰곰히 생각해 봐도 어디로 가야할지 저 자신은 잘 모르겠어요. 조금이나마 도움을 주셨으면 해서 이렇게 말씀 올립니다. "
진로문제,집안형편이 어려울 때 대학진학 방법은요? ,저는 고2 남학생입니다. 곧 고 3이 될텐데 집안 사정이 그리 좋지 못 합니다. 더구나 저는 4남매중 장남이랍니다. 그래서 대학 진학을 고 집할 수도 없고 그렇다고 포기도 안됩니다. 부모님도 걱정이 크신 것 같습니다. 저는 꼭 대학에 가고 싶은데 어떻게 해야 좋을지 모르겠습 니다. 
진로문제,적성검사 결과대로 진로결정해야 되나요 ,고1 여학생입니다. 얼마전 학교에서 받은 적성검사 결과로는 저에게 변호사가 맞다고 나왔는데 저는 변호사보다는 실내디자인을 공부하고 싶습니다. 이런 경우에는 적성검사 결과대로 변호사가 되는 것이 좋 은지요? 
진로문제,원하는 대학에 진학하지 못해 괴로워요 ,저는 대학 1학년 재학중입니다. 그런데 고등학교 때의 사소한 일로 인해 원하는 대학에 진학하지 못했습니다. 그런 현실이 너무 싫고 괴롭습니다. 
진로문제,연예인이 되고 싶다,중학교 1학년에 재학중인 여학생인데 아버지는 외국출장이 잦으시고 엄마는 연극배우이다. 그래서 나도 엄마처럼 배우가 되고 싶은데 부모님은 반대하시고 공부만을 강요 하신다. 더구나 공부도 잘하고 집에서도 인정을 받는 초등학교 4학년에 다니는 남동생을 나와 비교하시는 엄마가 너무 싫다. 부모님은 왜 내가 하고 싶어하는 것을 못하게 하고 나만 미워하시는지 모르겠다.
진로문제,유학가서 새로 시작하고 싶은데,"저는 고 1학생인데요, 고등학교에 오면 정신차리고 공부를 좀 해야지 하고 생각했는데 성적이 엉망이예요. 새로 시작하고 싶은데 여기선 안 될 것 같아 유학을 보내달라고 조르고 있어요. 실패하는 애들도 많지 만, 더 자유롭고 생활도 재밌다는 친구의 편지를 받은 후 더욱더 여기 서 고생할 필요가 없다는 생각이 들면서 공부도 흥이 안납니다. 제 생 각이 잘못된 건가요? "
진로문제,자격증을 따고 싶은데요,올해 2월에 졸업하고 회사에 다니는 예비 숙녀입니다. 학창시절부터 배우고 싶고 따고 싶은 자격증도 많았는데 '돈'과 '시간'이 여의치 않 아 그러질 못했습니다. 지금부터라도 무언가를 많이 배우고 싶은데 그 계획을 어떻게 세우고 어떻게 추진해야 할지 모르겠습니다. 
진로문제,진로선택으로 부모님과 갈등,중학교 3학년이라서 고등학교에 진학하는 것이 무엇보다 시급하다. 부모님은 인문계고등학교에 가서 대학을 목표로 해야 하며 그래야 인간답게 산다고 하신다. 하지만 내 성적으로는 인문계 고등학교에 가기도 어렵거니와 상업고등학교만 나와 취직하여 사회생활을 하고 싶다. 부모님에게 그런 애기를 하면 공부하기 싫어서 그런다고 꾸중만 하시고 내 생각은 전혀 들어보려고 하지도 않으신다. 사람이라면 왜 반드시 대학을 가야하고 그래야만 시집을 잘 간다고 생각하시는지 부모님의 생각을 이해할 수가 없다.
진로문제,학과선택의 갈등,대학입시가 다가오면서 학교와 과를 결정하는 일이 남아 있다. 우리집은 아버지 없이 엄마가 형과 누나 그리고 나까지 삼남매를 키우셨다. 어머니는 자식들중에 누군가가 의사나 법관이 되기를 바라시지만 형과 누나는 모두 자신들이 원하는 과에 진학을 하고 말았다. 그래서 어머니는 마지막 남은 나에게 의대를 가라고 하시지만 나는 국문과에 가서 소설가가 되고 싶다. 글재주가 있어서 백일장에도 여러번 입상을 했고 적성도 내게 맞기 때문이다. 하지만 아버지 없이 어렵게 우리를 키워주신 어머니의 뜻을 저버리자니 마음이 괴롭다.
진로문제,진로선택에서 오는 갈등,"다른 사람은 머리도 좋고 공부도 잘하는데 왜 나만 이렇게 태어났는지 한탄스럽다. 중학교 1, 2학년때만 해도 성적이 반에서 40등정도는 됐는데 지금은 50등 밖으로 밀려나서 이제는 고등학교를 갈 수 있을지도 의문이다. 내꿈은 헤어디자이너가 되는 것인데 이런 성적으로는 대학은 커녕 고등학교도 못 들어갈것 같다. 열심히 공부해야 된다는 것은 알고 있지만 해도 잘 안되고 그러니까 자꾸 놀고만 싶어진다. 어떻게 하면 좋을지 모르겠다. "
진로문제,고등학교 입학에 대한 걱정 ,중2 남학생입니다. 이곳은 시골이라 집에서 좋은 고등학교로 가길 원합니다. 그런데 제가 원하는 곳은 상당히 규율이 엄격한 학교입니다. 아침 7시30분부터 밤11시까지 공부만 해야한답니다. 물론 도망을 쳤을 경우에는 심한 체벌이 따르고요. 그 학교 시험에 붙을 자신도 없고 그곳 생활을 버텨낼 자신도 없습니다. 이럴땐 어떻게 해야하죠? 주변엔 갈만한 다른 고등학교도 없는데……
진로문제,내 뜻대로? 부모님 뜻대로? ,안녕하세요? 저는 이번에 대학 진학을 목표로 하고 있는 수 험생입니다. 전 정말 신학을 공부하고 싶은데 부모님께서는 반대 를 하셔서 어떻게 해야 할지를 모르겠습니다. 제가 신학 공부를 한다면 부모님께선 학비를 전혀 줄 수 없다고까지 말씀을 하고 계십니다. 그래서 전 체육 교육을 목표로 예체능 계열로 시험도 보았고 대학도 체육교육과로 가려고 합니다. 한편으로는 부모님 몰래 신학대에도 원서를 넣어볼 생각입니다. 전 정말로 신학을 공부하고 싶은데 어떻게 해야 할까요? 
진로문제,진로 문제로 고민하고 있습니다,"인문계 고등학교를 다니는 남학생이다. 그런데 성적이 그다지 좋지 못하다. 잘 해야 지방 대학이나 분교, 그렇지 않으면 간신히 전문 대학에나 갈 수 있는 정도이다. 어느 대학을 지원하느냐도 고민이지만 저의 진짜 고민은 무슨 과를 가는 것이 좋을지 전혀 종잡을 수 없다는 것이다. 적성검사도 받아 보았지만 속 시원한 대답을 들을 수 없었다. 공부도 제대로 못하는 주제에 진학할 학과를 걱정한다는 것이 사치스러운 고민일까?"
진로문제,적성검사와 흥미검사 차이로 진로 고민,고등 학교 1학년 학생인데 적성과 흥미가 일치하지 않아 고민이다. 여름 방학 중에 어머니의 권유로 전문 상담 기관을 찾아가 적성검사와 흥미검사를 받았는데 결과표를 보니 적성이 제일 높은 분야와 흥미가 제일 높은 분야가 서로 달랐다. 적성검사에서는 산업 공학 분야가 제일 높았는데 흥미 검사에서는 경영 분야가 제일 높게 나왔다. 집에 와서 결과표를 놓고 식구들끼리 상의하다 보니 아버지와 어머니도 의견이 일치하지 않아 어머니는 경영 분야로 나가라고 하시고 아버지는 장래성이 더 있다며 산업공학 분야를 권하신다. 사실 저는 경영이 뭔지 산업 공학이 뭔지 잘 모른다. 지금 느낌은 괜히 검사를 받아서 아버지와 어머니가 싸움만 하시게 하고 나도 더 혼란스러워진 것 같아서 후회가 된다. 이럴 때는 어떻게 결정을 하는 것이 좋을까? 흥미와 적성이라는 것은 과연 무엇이고 어떤 것이 더 중요한 것인가? 
진로문제,대학진학의 긴장,고3 학생으로 대학진학을 앞두고 바라는 대학에 못가게 될까봐 긴장되고 불안하다. 주의집중이 안되고 정신상태가 산만하여 성적이 좋아지지가 않아서 걱정스럽다. 하루빨리 정신차리고 노력해야 할텐데 자꾸만 휴학이나 자퇴를 하고 싶다. 마음을 잡고 공부에 집중하여 일류대학에 들어가고 싶다.
친구문제,친구와말도하기싫고모두싫어져요,고2 여학생입니다. 저는 원래 활달한 성격으로 많은 친구들과 친하게 지냈는데 언제부터인가 친구들과 관계가 서먹해졌습니다. 친구들이 변한 것 같아요. 그래서 친구들과 말도 하기 싫고 모두 싫어집니다. 친구들 말로는 제가 말수가 적어지고 무뚝뚝해졌다고 합니다. 어떻게 해야 하나요 ? 
친구문제,전학와서친구사귀기가힘들어요,중학교 2학년 남학생입니다. 얼마전 아버지의 직장이 서울로 옮겨지는 바람에 전학을 왔습니다. 이곳 지리도 아직 잘 모르고 모든 것이 서먹서먹한데 그중에서도 친구 사귀는 것이 가장 힘듭니다. 아직 친하게 지낼 친구를 찾지 못하고 있는데 같은 반 아이들은 자기네들끼리만 다녀 따돌림 받는다는 생각까지 들고 학교가기가 싫어집니다. 
친구문제,다른친구들을욕하고다니는친구를피하고싶은데요,저는 초등학교 5학년 여학생입니다. 저희 반에 한 친구가 제 앞에서 다른 친구들 욕을 자주 합니다. 그런데 저는 그 친구 말에 맞장구를 쳐야 할지 어떻게 해야 할지 몰라 가만히 듣고만 있습니다. 그 친구가 자꾸 그러니까 같이 다니는 것도 싫어지고 피하고 싶은데 그렇게 잘 안되어 고민입니다. 
친구문제,친구들이저를따돌리고비꼬듯이얘기해요,"저는 중1 여학생입니다. 학교 성적도 높은 편이고 수업시간에 선생님들의 질문에 대답도 잘하여 선생님들께서 예뻐하십니다. 그런데 친구 들이 저를 따돌리고, 제가 무슨 일만 하려면 비꼬듯이 얘기해서 이제는 앞에 나서기가 두려워요. 요즘은 제가 우울해 하고 발표도 잘 안하 니까 선생님께서는 무슨 일이 있냐고 하시는데 저는 그냥 웃고 맙니다. "
친구문제,친구들이이유없이괴롭혀요,저는 중학교에 다니는 남학생입니다. 같은 학교 친구들이 자꾸 이유없이 괴롭혀 학교가기가 싫어집니다. 돈을 빼앗기도 하고 또 시험 볼 때는 답안지를 보여 달라고 협박하여 선생님 눈치를 살피기도 했는데 부모님과 선생님께 말씀 드리고 싶어도 괜히 잘못하여 그 친구들에게 보복당할까봐 망설이고 있어요. 저는 아침마다 학교가는 시간이 두려 워요. 
친구문제,좋아하는선생님때문에친구관계가어색해졌어요,저는 여고 1학년 학생인데요. 저희 학교 수학선생님은 아이들에게 인기가 많으세요. 저 역시 그 선생님을 너무 좋아하고 있구요. 그런데 제 친구 중에 그 선생님을 좋아하는 아이가 있어 늘 라이벌 의식을 가져왔어요. 이번에도 선생님과 관련되어 별 것 아닌 일로 그 친구와 어색한 관계가 되었어요. 앞으로 안볼 것도 아닌데 어떻게 해야 할지 모르겠어요. 
친구문제,친구사귀기가힘들어새학기가되는것이싫어요,"저는 새학기가 되는 것이 싫습니다. 친구 사귀기가 너무 힘들거든요. 남자가 뭐 그러냐고 하실지 모르겠지만 제가 먼저 친구에게 다가가서 친해지는 것도 힘들고, 그렇다고 친구들이 저에게 먼저 다가 오지도 않아요. 학교에서 말을 하고 지내는 친구는 있지만 학교 밖에서 함께 다닐 수 있는 친구는 거의 없어요. 그래서 학교생활도 별로 재미있지 않아요. "
친구문제,부모님께서친구를가려서사귀라고하세요,고등학교 2학년 남학생입니다. 저는 같은 반 친구들과 모두 친하게 지내는 편으로 날라리라고 하는 아이들과도 가깝게 지냅니다. 그 친구들을 가끔 집에 데려 오기도 하는데 부모님께서는 저에게 그런 친구들과 가깝게 지내지 말라고 하십니다. 저는 친구를 가려서 사귀고 싶 지 않은데 제가 잘못된 것일까요? 
친구문제,친구가용납이안돼요,저는 지금 현재 대학교에 등록까지한 학생입니다. 저에겐 지금 친구가 많은데 그 친구들 중 지금 제가 제일 걱정하는 친구에 대한 것을 올립니다. 그러니 꼭 답장을 주세요. 다른 친구에 대한 것도 있지만 이것만 올립니다. 제 친구는 지금 자신의 친구를 속이면서까지 자신의 이익을 생각하고 있는데 이건 저의 생각으로는 용납이 안돼요. 지금 제 심정으론 아무리 친구라도 패는 거로써 고칠 수만 있다면 고쳐주고 싶습니다. 제발 제가 어떻게 해야할지... 
친구문제,친구가없어외로워요,안녕하십니까? 전 고등학교 2학년 남학생입니다. 태어나서 지금까지 진짜로 있는 제 친구는 10명도 안됩니다. 어쩌면 제가 친구 사귀기를 꺼려했는지도 모릅니다. 그리고 제가 무엇이 모자라는지는 잘 모르겠지만 친구들이 저를 회피하는 것 같습니다. 그러다 보니 얼굴도 안 보이고 서로 모르는 사이에서도 즐겁게 지낼 수 있는 채팅에 손을 넣게 되었습니다. 그러나 외로움을 달랠 방법은 그 어디에도 없더군요. 그래서 이제 외딴 곳에서 서로 모르는 친구를 사귀며 놀려고 했지만 아는 사람들의 귀뜸으로 인해서 또 멀어져만 갑니다. 어쩌면 좋겠습니까? 도움을 바랍 니다. 
친구문제,친구가자꾸때려요,저는 중2 남학생입니다. 다름이 아니라 친구가 자꾸 때립니다. 한두 번이 아니에요. 같이 싸우면 공부에 지장이 많고 해서 꾹 참 았지만 정말 죽겠어요. 누구한테 말도 못하고요. 개학날이 싫어요. 
친구문제,동성애와이성애를동시에느낍니다,고등학교 남학생입니다. 약간 어렸을 때부터 이성에 관심이 많았는데요. 야한책도 즐겨보고.. 여자 친구도 많았고 남자 친구도 많았었어요. 그런데 고등학교때 같은 학교에 다니는 한 아이를 봤을 때 조금 야릇한 느낌을 받았어요. 알고보니 그 아이가 게이라는 거에요. 실제로 그 아이는 걸음걸이도 행동도 생긴 것도 여자 같았어요. 2학년 올라와서 그애 친구랑 알게 됐는데 진짜로 여자같이 행동합니다. 전 장난같은 기분이 점점 진지해져만 갔어요. 그 상태로 지금까지 지내고 있어요. 그 애도 이젠 저를 의식해요. 친해질 기회도 많았는데 이상하게 그애한데는 말을 못 걸겠어요. 처음보는 여자랑도 잘 친해지는 제가요... 어떻게 해야 하나요? 그렇다고 그애만 절대적으로 좋아하는것도 아니예요. 이성에 대한 좋아하는 마음이 수시로 바뀌는 저예요. 그런데 그애는 언제나 그 마음이 조금이든 많이든 저를 차지하고 있어요. 정말 고민이예요.
친구문제,불량한친구가괴롭혀요,"남자 중학생이다. 같은 반의 친구가 수업시간, 쉬는 시간에 자꾸 장난을 걸고 집적거리고 괴롭힌다. 한대 패주고 싶은 생각이 굴뚝같지만 그 친구는 학교 바깥의 불량서클과 관계가 있어서 감히 그렇게 할 수도 없고 속만 터진다. 그 친구 때문에 학교가기가 싫을 정도이다. 어떻게 해야 할까? "
친구문제,친구사귀는데성격이문제,"나는 내 성격 때문에 고민이 많다. 남들은 제 성격이 차고 쌀쌀맞다고 그런다. 그래서 나는 친한 친구도 없고, 점심 시간에 혼자 밥 먹을 땐 너무너무 창피하다. 다른 아이들이 끼리끼리 어울려 돌아 다니고, 편지도 서로 주고 받는 걸 보면 너무 부럽다. 친구들이랑 어울려서 이야기도 하고 놀구도 싶지만 무슨 이야기를 어떻게 해야 할지도 잘 모르겠다. 친구들이랑 잘 사귀지 못하는 것은 나의 성격 때문인 것 같다. 성격을 고쳐서 친구들이랑 잘 어울리고, 학교 생활이 즐거웠으면 좋겠는데 어떻게 해야 할까?"
친구문제,친구들의무시,얼마전 수업시간에 선생님의 질문에 답하지 못했다. 그 뒤부터 다른 애들이 나를 무시하는 것만 같다. 공부를 잘하는 애들에게 뭐를 물어봐도 잘 설명해 주지 않고 자기내들 끼리만 다닌다. 그럴 때마다 내가 그때 수업시간에 대답을 잘 못해서 애들이 나를 무시하는 것이라는 생각이 든다. 앞으로 공부를 열심히 해서 애들로부터 그런 수모를 겪지 않도록 해야되는 것은 알지만 당장은 아이들의 그런 태도 때문에 분하고 속이 상한다.
학업문제,시험때만되면지나치게긴장됩니다,"저는 여고 2학년입니다. 평소 덜렁댄다는 얘기를 자주 듣는데 특히 시 험 준비를 할 때면 긴장되어 차분하게 공부하지 못하고 손발을 가만두 지 못합니다. 또 몸을 이리저리 움직이고 나도 모르게 소리를 지르는 경우도 있습니다. 다가올 시험에 대비해 긴장해서 공부를 해야 하는데 그래서인지 시험결과는 늘 엉망으로 나옵니다. 마음속으로는 '할 수 있다, 해야 한다' 생각하고 차분히 공부하려 하지만 결국엔 나를 통제 하지 못합니다. "
학업문제,늦도록공부해도잡념만가득합니다,저는 공고 3학년입니다. 지금은 학교에서 실습만 하고 있습니다. 학교 끝나면 바로 학원에 가죠. 집에 오면 밤 10시예요. 전 중학교때 꼴지에서 3등이었어요. 고등학교 와서는 성적이 나아졌지만 기초가 없으니까 무엇을 해야될 지 어떻게 해야될 지 모르겠어요. 성적은 그리 나쁜건 아니지만 공부가 잘 안됩니다. 어떻게 공부를 해 야 대학을 갈 수 있을까요? 공부를 잘하는 방법은 없을까요? 밤늦 게 공부를 해도 머리에 잡념이 생겨 잘 안됩니다. 또 혼자 있으면 망 상에다 공상에다 저질쪽으로만 생각이 나고 지금은 너무나 문제점이 많 아요. 또 어떨 때는 여자 친구와 성관계도 갖고 싶고 저도 이러면 안 되는 줄 알지만 생각이 자주 납니다. 이런 생각들 때문에 공부가 안되 는 것일까요? 
학업문제,시험불안?,"대학입시를 앞둔 고등학교 3학년 학생입니다. 제가 원하는 대학에 꼭 합격하려고 열심히 노력하고 있습니다. 그런데 언제부턴가 시험 생각만 하면 가슴이 답답해지고, 머리가 아프기 시작하는 것입니다. 책상 앞에 앉아 책을 보노라면 어느 새 생각이 다른 곳에 가 있어 그냥 시간만 보 내기 일쑤입니다. 이러다 혼자만 뒤처지는게 아닌가 싶어 불안하기만 합니다. 무슨 해결책이 없을까요? "
학업문제,작심삼일이겨내는법,"중학교 재학중인 남학생으로서 요즈음 들어 공부가 하기 싫고 매사가 귀챦기만 하다. 자꾸 TV가 보고 싶어지며, 전자오락에 관심이 많기 때문에 주의집중이 안되서 괴롭고 짜증이 난다. 어떻게 공부에만 집중할 수 있는 좋은 방법이 없을까? TV와 전자오락을 안하려고 몇번 시도해 보았지만 작심삼일이다."
학업문제,잡념때문에공부가잘안돼요,저는 현재 직장을 그만 두고 대학 입시 준비를 하고 있습니다. 그런데 자신이 없어 걱정이에요. 공부를 잘하다가도 잡념 때문에 팬을 놓고 멍하니 앉아있을 때가 많습니다. 물론 그러고 나면 공부 하기가 더 힘들고 짜증이 나지요. 만일 이번 공부가 실패로 돌아가 면 어떻게 해야할 지도 모르겠습니다. 
학업문제,어떻게해야수업중에안졸까요?,"저는 올해 고등학교에 입학한 남학생입니다. 전 초등학교, 중 학교 때 푼수짓을 많이 해서 아이들의 놀림을 많이 받았지요. 그래 서 '고교 시절만은 그렇게 되지 않으리라' 결심했습니다. 그런데 고교 생활의 평온도 잠시뿐, 저는 수업 시간의 졸음 때문에 다시 아이들의 놀림감이 될 위기에 처했습니다. 친구들은 제가 졸 때면 늘 ""**아, 일어나서 밥 먹고 학교 가야 지"" 하며 절 놀립니다. 수면 시간도 밤 11시부터 아침 6시까지로 충분합니다. 요즘은 물파스를 휴대하고 다닐 정도가 되었지만 소용 없습니다. 또 수업 시간에 맨발로 수업을 듣거나 쉬는 시간에 세수를 하는 등 여러 가지 방법을 써 보았지만 죄다 소용없었습니다. 도와주십시오. 이렇게 되다간 평생 놀림감이 될 것 같습니다. 저의 졸음을 퇴치할 수 있는 방법을 가르쳐 주세요. "
학업문제,책상에만앉으면꾸벅꾸벅,"전 고등학교 1학년 남학생입니다. 여러가지 머리가 복잡해서요... 간단히 말해서 요즘 매사에 자신감이 없고 활기차지두 않구 전에 제 모습과는 많이 변해버린 제 모습을 보게됩니다. 이런 제 모습이 저두 마구 싫어질 때두 많이 있어요. 엄마의 기대, 주위 사람들의 시선…… 보다는 이런 모습의 제 자신. 변해버리구 너무 나약한 제 자신이 싫어요. 아무리 독한 맘을 먹구 공부하자! 해도 책상앞에 몇 분 못앉어 있어요. 독서실에 다니는데 일주일에 5일정도는 엎드려 자죠. 저두 제 자신을 컨트롤 못해요. 이런 제 자신이 싫어서 메일 드립니다. 이번에 보는 시험을 꼭 잘 봐야 하는데... 정말 제가 대학에 갈 수 있을지 자신이 없어요. 교회를 다니는데 자꾸 믿음이 흔들리구..과목에 제일 힘든게 수학인데...정말 힘들어요.. 수학 때문에 다른 과목까지 하기 싫어 질때두 있어요. 영어는 못하지만 흥미는 좀 있구 무엇보다 어떻게 공부하는지 대충은 알아서 좀 쉬워요. "
학업문제,고등학교생활에적응이어렵다,고등학교에 입학한 남학생인데 중학교 시절과는 너무나 딴판이다. 하루하루가 무척이나 힘들다. 적응이 안돼서 하루에 4～5시간뿐이 잠을 못자구 있다. 남들보다 뒤떨어질까보다 학원 과외 독서실 운동등 닥치는 대로 하구 있는데 이렇게 하다간 도저히 삼년동안 버티어 낼지 정말 의문이다. 중학교 시절엔 힘든 일이 있으면 잠시 한 오분동안이나마 즐거운일을 생각하면 힘이 생겨났지만 인제 그것두 힘들다. 어떻게 해서든지 내 장래를 위해 원하는 대학을 가긴 가야겠는데 너무나 길이 험란하다. 
학업문제,노력해도성적이제대로나오지가않아요,고등학교 남학생이다. 주말마다 주요 과목 시험을 보는데 수학은 20개 중 5개 밖에는 맞지를 못했다. 지난 방학 때도 계속 수학 공부만 했는데 결과가 너무나 실망스럽다. 이래가지고 대학도 못 갈 것 같고 내개 하고 싶은 아무것도 할 수가 없는 생각이 들어서 괴롭다. 앞으로 어떻게 해야할까?
학업문제,학업으로인한열등감,나의 가장 큰 고민은 학교성적이다. 학교에서나 집에서나 공부를 못한다고 무시당하고 성적표만 받으면 부모님께 야단을 맞는다. 나도 공부를 잘해서 선생님과 부모님께 칭찬을 받고 싶은데 정신집중이 안되고 자꾸 쓸데없는 생각을 하게 된다. 차라리 고등학교를 포기해 버리고 싶은 마음도 있지만 그렇게 하면 부모님께 크게 혼날 것이다. 정말 어떻게 하면 공부를 잘할 수 있는지 알고 싶다.
학업문제,학업열등감,"여고 1년생으로서 일류대학에 들어가고 싶은데 성적은 하위권이기 때문에 고민스럽다. 언니, 오빠는 모두 다 일류대학에 들어갔으나 나만 성적이 나빠서 가족들의 따돌림을 받는것 같고 열등감도 느껴진다. 하루 빨리 성적을 올려 나도 일류대학에 들어갈 수 있었으면 좋겠다. 그러나 공부를 하려 해도 격차가 너무 심해 올라 가기가 어렵고, 공상만 하게 된다."
학업문제,학교성적으로인한고민,"모든 것이 공부와 연결되어지는 내 인생에 대해 서글픔을 느낀다. 인문계 고등학교에 가서 공부를 잘해 일류대학에 입학해야 된다는 것은 사실이고, 그렇게 해야만 잘 살 수 있다는 것도 알고 있지만 공부는 되지 않고 점점 고민만 쌓여 가슴이 답답하다. 나는 하나에서부터 열까지 전부 공부에 맞춰진 생활과 부모님의 과잉보호에 의해서 만들어진 허수아비이다. 공부를 못하면 인생의 낙오자가 된다는 부모님과 주위 어른들의 압력을 이제는 견디기가 너무 힘들다."
학업문제,자신없는대학진학,대학입시가 얼마 남지 않았다는 사실이 떠오를 때마다 그 부담감은 말로 표현할 수가 없을 정도다. 고3이 된뒤로 성적이 더 떨어졌다. 고1때 너무 놀아서 그런지 공부하는 방법도 모르겠고 무엇부터 어떻게 시작해야 할지도 모르겠다. 매일밤 공부를 해야 한다는 생각이 나의 머리를 짓누르지만 막상 책상앞에만 앉으면 잡념이 머리를 꽉 채워버려서 가슴이 터질것만 같다. 하지만 부모님이 저렇게도 원하시는 대학에 실패한다면 나는 살아갈 이유가 없다. 정말 이 지구를 떠나고 싶다.
학업문제,이과반에서의좌절감,고등학교 2학년인 남학생이다. 1학년때 문과와 이과를 나누게 되는데 나는 아버지가 무조건 이과에 가서 아버지가 나오신 바로 그 대학 그과에 들어가야된다는 바람 때문에 이과를 선택했다. 하지만 2학년 생활의 반이 지나간 지금 나의 생활은 정말 엉망이다. 수업내용은 전혀 알아 들을 수가 없고 반친구들과도 어울리지 못하고 있다. 앞으로 어떻게 해야할지 모르겠고 어느때는 다 포기하고 가출하고 싶은 생각도 든다. 
학업문제,시험지옥,"고등학교 2학년 여학생인데 시험때가 지나고 성적이 나오면 부모님과 선생님의 꾸중과 질책이 지긋지긋하다. 비록 대학가기가 어렵고 힘들다지만 나는 친구도 만나고 싶고 연극도 보고 싶고 하고 싶은 것을 하면서 살고 싶다. 하지만 학교에서건 집에서건 내게 허락되는 것은 별로 없다. 시험때가 다가오면 밥맛도 없어지고, 학교나 집의 분위기는 무겁기만 하다. 이런 공부가 왜, 어디에 필요한 건지, 언제까지 이렇게 살아야 하는 건지 그저 죽고만 싶다."
학업문제,시험불안,고3학생인데 시험결과에 대한 걱정 때문에 공부를 해도 집중이 잘 되지 않는다. 시험을 잘 보려면 먼저 공부를 열심히 해야 하는데 '시험성적이 떨어지면 어떻게 하나...' 하는 생각 때문에 아무것도 할 수가 없어서 고민이다.
학업문제,성적하락,"고등학교 2학년에 다니고 있는데 성적이 점점 떨어지고 있다. 초등학교때는 전교에서 몇 등을 할 정도로 공부를 잘했는데 중학교에 와서는 성적이 주춤했다. 그런데 고등학교에 진학하고부터는 성적이 조금씩 떨어지기 시작했다. 내 나름대로 분석을 해보니 영어, 수학등의 기초과목이 부족해서 그런것이 아닌가 싶어 그런 공부를 열심히 했으나 잘하는 애들을 따라잡기에는 역부족이었다. 내가 머리가 나쁜 것인지 아니면 공부방법에 문제가 있는 것인지 자신감도 없어지고 아예 포기하고 싶은 마음까지 생긴다."
학업문제,성적으로인한갈등,중학교 3학년인 남학생이다. 중학교 1학년때 까지는 성적이 반에서 5등내외였으나 3학년이 되고부터 성적이 많이 떨어졌다. 고등학교 시험을 앞두고 성적이 올라가도 시원치 않은데 이렇게 되고 보니 자신감도 많이 떨어지고 무기력해졌다. 지난번 중간고사 성적표는 엄마 몰래 내가 도장을 찍어서 냈다. 지금 상황에서는 공부를 더 열심히 해도 시원치 않은데 요즘은 공부가 더 안된다.
학업문제,성적부진시험때만되면잠이안온다,중학교 3학년 여학생인데 시험때만 되면 며칠 동안 밤을 새다시피 공부를 하였는데도 성적이 떨어져 선생님과 부모님께 꾸중을 듣게 되고 그러고 나면 걱정이되어 잠이 오지 않을 정도다. 이번 시험에 또 성적이 떨어지면 아이들이 나를 따돌리고 선생님도 또 나를 차별할텐데 그 생각만 하면 너무나 긴장되어 아는것도 틀리고 만다. 어떻게 하면 공부를 잘할 수 있는지 알고 싶다.
학업문제,학업문제로인한부모님과의갈등,중학교 1학년 여학생이다. 그런데 벌써부터 부모님들이 공부하라는 성화가 대단하다. 특히 초등학교때 까지는 나와 성적이 비슷했던 친구가 중학교에 온 뒤로는 공부를 잘하게 되자 부모님의 극성이 더 심해졌다. 어떻게 생각하면 지금부터 그렇게 해야만 대학에 들어갈 수 있으니까 당연하게 받아들여야 하겠지만 생각뿐이지 행동은 잘 되지 않는다.
학업문제,성적상상으로인한학업문제,"얼마전에 친구로 부터 성인 만화책을 보게되었는데 그뒤로 부터 성적인 상상이 자꾸 떠오른다. 부모님은 밤마다 그런 것을 하겠구나 하는 생각도 들고, 길거리에서 예쁜 여자만 봐도 그 화책이 떠오른다. 또 공부시간에 젊은 여자 선생님이 들어오시면 그런 상상을 하게 된다. 그러다보니 성적이 자꾸 떨어지고 공부도 잘안되서 고민이 된다."
그외문제,지능검사결과에대한실망감,"저는 중학생입니다. 얼마전 학교에서 지능검사 받은 결과를 우연히 알게 되었는데 IQ가 두자리 숫자인 것을 보고 충격을 받았습니다. 그래서 지금은 공부도 머리에 들어오지 않고 창피해서 죽고 싶은 마음입니다. 선생님, 이런 검사를 어느 정도 믿어야 하는 건지 알고 싶구요. 다시 한 번 받아보려면 어떻게 해야 하나요? "
그외문제,대학에진학못한내가초라해보입니다,저는 막 사회에 입문한 여학생입니다. 아니 이젠 직장인이라 해야 맞겠네요. 제 딴엔 열심히 여러 일들을 추진하지만 매번 일이 잘 안됩니다. 친구들은 대학생활 이야기로 꽃을 피울 때 전 한마디 말도 못 하고 듣고만 있어야 하니.... 내 자신이 다른 아이들과 비교해 제일 못나게만 느껴집니다. 그들 앞에서 그런 티를 내지 않으려 노력한 탓에 아이들은 제가 순탄히 잘 지내는 줄만 압니다. 자신을 감추고 과장해서 말하는 제자 신이 너무 초라해 보입니다. 어쩌면 좋을까요? 
그외문제,시간관리를효율적으로하려면?,저는 고등학교 1학년 학생입니다. 새학기 초에는 공부도 열심히 하고 여러 가지 취미활동을 다양하게 하고자 많은 계획을 세웠습니다. 그러나 작심삼일이라고 제가 세운 계획을 하나. 둘 실천하지 못하다가 요사이는 될 대로되라는 식으로 아무렇게나 지내고 있어 하루하루가 무의미하게 흘러가는 것 같습니다. 곧 방학인데 어떻게 하면 좋을까요? 
그외문제,가출한학생인데다시모범생이되고싶어요,안녕하세요. 저는 고등학교 1학년 여학생입니다. 학교 입학할 당시 모범생이란 말을 들었는데 지금은 성적과 학교 생활에 자신을 잃어가고 있어요. 부모님의 지니친 기대도 힘들구요. 답답한 마음에 친구들과 술.담배를 시작했는데 지금은 끊기가 힘들어요. 이러는 제가 싫어서 가출을 했습니다. 새로운 선택을 하고 싶었거든요. 하지만 지금 은 다시 예전처럼 생활하고 모범생이라는 말도 듣고 싶어요. 지금의 친구들은 저를 계속 끌어당기는데 저는 어떡하면 좋을지 모르겠어요. 
그외문제,음성써클을탈퇴하고싶어요,"저는 고2 여학생입니다. 학교에서는 선도부원이며 선생님들께서는 저를 모범학생으로 보고 계십니다. 그런데 저는 부모님과 대화가 통하지 않고 집에 있으면 답답하여 가출을 몇 번 했었고, 우연한 기회에 친구를 따라 음성써클에 들게 되었습니다. 그런데 이제는 학교에서와 밖에서의 이중적인 생활이 싫어 써클을 탈퇴하려고 하는데 선배들이 탈퇴하면 다칠 줄 알라고 위협합니다. 어떻게 해야 할지 막막합니다. "
그외문제,"아,오락은이제그만",저는 자신도 모르게 오락이 습관이 되어 버린 남학생입니다. 공부도 잘 안되고 부모님들도 걱정이 많으세요. 나름대로 취미생활을 개선해 보려고 독서도 하고 음악감상도 해보지만 곧 오락을 하게 됩니다. 또 친구들과는 오락디스켓을 돌려 보는데 야한 것들도 많아 더 큰 문제입니다. 어찌해야 좋을지 모르겠어요. 정말로 전 더 이상 오락을 하고 싶지 않아요. 하지만 저도 어쩔 수 없이 또 오락에 빠져드는데 ... 오락을 안할 수 있는 좋은 방법이 없을까요? 
그외문제,채팅중독에서벗어나는방법은?,채팅을 시작한지 2년째 되는 고 2학생입니다. 늦은 밤이나 새벽에 잠이 오지 않을 때 하게된 채팅이 이제는 제가 생각하기에도 거의 중독에 가까울 정도입니다. 채팅 중독에서 벗어나는 방법이 없을까요? 
그외문제,죽음이란무엇입니까?,아무리 생각해도 죽음에 대해서는 이해가 안 가는 부분이 아주 많습니다. 전문가 선생님께서는 죽음에 대해 어떻게 생각하십니까? 저는 죽음에 대해서 그리 두렵지 않습니다. 왜냐하면 사람은 한번 태어나면 죽 기 때문입니다. 저의 나이는 15살입니다. 앞으로 살날은 많습니다. 하지만 나는 죽고 싶습니다. 그 이유를 모르겠습니다. 괜히 눈물이 나려고 하고 쓸쓸합니다. 왜 그런지 나도 모르겠습니다. 이 궁금증 좀 풀어 주십시오. 
그외문제,한가수를알고부터,"저는 고2 여학생입니다. 저는 전에는 신앙 생활도 열심히하고 또 공부도 열심히 해서 모범학생이라는 소리를 들었는데, 한 가수를 알고 난 후부터 저의 생활은 조금씩 변해가기 시작했습니다. 저는 그 가수가 TV에 출연할 때면 너무 좋아서 모든 일을 마다하고 TV앞에만 앉습니다. 그리고 수업 시간에도 그를 생각하며 공상을 하곤 합니다. 공부도 잘 되지 않고 신앙 생활도 게을리한 것 같아 주님께 죄송할 때가 한두 번이 아닙니다. 그 가수는 저에게 큰 기쁨을 가져다 줍니다. 그래서 좋아하는 것을 그만둔다는 것은 생각하기도 싫습니다. 저 에게는 이것이 큰 고민입니다. 어떻게 하면 좋을까요? 계속 그 가수를 좋아하면서도 공부하고, 또 신앙 생활도 열심히 하는 저는 될 수가 없는 걸까요? 요사이 저와 같은 학생들이 많다고 생각되는데, 저와 그 학생들을 위해서 꼭 좋은 말씀 들려주세요."
그외문제,탈선의갈등,중학교 2학년의 남학생이다. 어떤 친구와 같이 지내면서 내가 나쁜 길로 빠지고 있는 것 같다. 요즘은 독서실 간다고 집에서 돈을 얻어 그 친구들과 함께 만화방에 가거나 술을 먹거나 하며 시간을 보낸다. 얼마 전에 엄마에게 모든 사실을 들켜서 이제는 집에서 거의 갇혀 지낸다. 내가 한 짓이 좋지 않다는 것을 알기는 하지만 학교에 가면 또다시 그 애들과 어울린다. 그러지 않으려고 해도 자꾸 그렇게 되는데 어떻게 해야 할지 모르겠다.
그외문제,컴퓨터구입,중학교 3학년에 다니고 있는 남학생이다. 컴퓨터가 있으면 오락을 마음껏 할 수 있을 것 같아서 컴퓨터를 사기 위해 아침마다 신문 돌리는 일을 했었다. 그 사실을 알게된 아버지는 날 꾸중하셨고 결국은 신문배달을 그만 두어야 했다. 꼭 컴퓨터를 가지고 싶은데 아버지는 대학에 들어간 다음에야 사주시겠다고 한다. 컴퓨터를 산다고 해서 공부를 안하지도 않을 건데 미리부터 안된다고 하시는 아버지를 이해할 수가 없다. 컴퓨터를 꼭 사야 된다는 생각 때문에 공부가 안될 지경이다. 어떻게 좋은 방법이 없겠는가?
그외문제,"흡연,본드흡입",중학교 1학년때 호기심반 선배들의 압력 반으로 담배를 배우게 되었다. 그후로 그 선배들과 어울리면서 술도 마시게 되었고 본드도 흡입하게 되었다. 그렇게 되면서 학교에 결석하는 날이 잦아졌고 부모님을 마주 대할 수도 없다. 내가 어쩌다가 이렇게 되었는지 모르겠지만 이런 생활에서 헤어나지지 않는다.
그외문제,반장은어떤사람이어야하나요?,"저는 중학교 3학년 남학생이며 학급에서 반장을 맡고 있습니다. 전 지금까지 반장으로 생활하면서 '반장이란 모범적이고 잘 나가면서 공부도 잘하는 사람이어야 한다'고 생각해왔습니다. 그렇지만 그 기준에 비춰보면 전 좀 부족한 것 같습니다. 반장으로서 애들을 조용히 시키기도 무척 힘드네요. 그리고 모범이 되기 위해 공부를 열심히 하여 성적을 올리는 것도 쉽지 않습니다. 그렇다고 이런 현실을 도피할 수도 없고요. 그래서 이렇게 상담 드리는 것인데 대체적으로 반장의 성격과 특징을 알려주세요. 그리고 내성적이거나 수줍음을 많이 타는 성격 을 어떻게 개조해야 하는지도 알고 싶어요. 어떤 것이 학급을 위해, 그리고 나를 위해 더 나아가서는 나의 미래를 위해 적합한지를 알려주세요. "
그외문제,고교진학후학교에적응이안되는경우,"남자고교 1년생이다. 남녀공학 중학교를 나와서 그런지 남자학교로 와서 약간은 아이들과 선배들이 거칠고 마음에 안든다. 심지어 같은 나이의 친구들도 무서울때가 있다. 친구도 사귀기가 힘들고,선생님들도 싫다. 처음 입학할때부터 학교가 싫었다. 이 상황을 어떻게 해쳐나가야할지 막막하고 내가 가야할길도 막막하다. 어머니에게 제가 말을 했는데, 어머니도 이해를 못하시고 내 말을 들어주시지도 않는다. 학교가 무섭다. 친구들과 선배와 선생님들도..., 어떻게 해야 학교생활 적응하여, 다른 아이들처럼 잘 지낼 수 있 뺑적 학교에서는 공부가 안된니다. 선생님들이 가르쳐주시는 게 마음에 안 든다. 어떻게 해쳐가야 하나? "
그외문제,연예인으로인한공부방해,고등학교 재학중인 여학생이다. 유명한 가수의 공연을 보고 난 후 공부에 정신을 집중할 수가 없다. 부모님의 이해를 얻고 싶지만 무조건적으로 우리들이 나쁘다는 판단을 하시니 괴롭기만 하다. 무조건적인 반대가 우리들에게 더 큰 상처를 남긴다는 사실을 부모님은 왜 모르실까? 부모님 몰래 팬클럽 활동을 하고 있기는 하지만 부모님을 속인다는 사실에 불안하고 답답하다.
그외문제,연예인생각,중학교 1학년 때까지는 이런일이 없었는데 2학년이 되고 부터 최근에 가장 인기있는 연예인을 너무나 좋아해서 걱정이다. 이러면 안되는데 하면서도 하루라도 그 가수의 사진이나 노래를 안들으면 미칠것 같은 기분이다. 또 내가 좋아하는 그 오빠를 다른 애가 좋아하면 웬지 기분이 나쁘다. 그 가수오빠 얼굴이 공부시간에도 항상 떠올라 공부는 잘 안되고 마음 한구석이 허전하다. 공부를 열심히 해야 되는데 계속 이런 생각만 들어서 걱정이다.
그외문제,성호기심과성적충동간의갈등,"초등학교 6학년때 친척집에 갔다가 사촌형의 책상에서 이상한 사진을 보았다. 그뒤로 그런쪽에 관심이 생겨 그런 여자의 사진들이 있는 책을 사서 보고 책상 서랍에 넣어 두었는데 없어졌다. 아마 엄마가 가져가신 것같은데 그것에 대해서 아무 말씀도 안하신다. 그뒤로 엄마를 볼 때마다 안절부절 못하겠고, 내가 그런 일을 했다는 것에 대해 후회를 하지만 그런 쪽에 계속 관심이 생겨서 막을 도리가 없고 공부도 안된다."
